<?xml version="1.0" encoding="UTF-8"?>
<ListPublicReservationCulture>
<list_total_count>37</list_total_count>
<RESULT>
<CODE>INFO-000</CODE>
<MESSAGE>정상 처리되었습니다</MESSAGE>
</RESULT>
<row>
<GUBUN>자체</GUBUN>
<SVCID>S170518215642633501</SVCID>
<MAXCLASSNM>문화행사</MAXCLASSNM>
<MINCLASSNM>공연/콘서트</MINCLASSNM>
<SVCSTATNM>접수종료</SVCSTATNM>
<SVCNM><![CDATA[제4회 백인제가옥 북촌음악회 <어울림>]]></SVCNM>
<PAYATNM>무료</PAYATNM>
<PLACENM>서울역사박물관&gt;백인제가옥</PLACENM>
<USETGTINFO>6세이상</USETGTINFO>
<SVCURL>http://yeyak.seoul.go.kr/reservation/view.web?rsvsvcid=S170518215642633501</SVCURL>
<X>37.580446301109994</X>
<Y>126.98409156389061</Y>
<SVCOPNBGNDT>2017-05-20 00:00:00.0</SVCOPNBGNDT>
<SVCOPNENDDT>2017-12-31 00:00:00.0</SVCOPNENDDT>
<RCPTBGNDT>2017-05-25 09:00:00.0</RCPTBGNDT>
<RCPTENDDT>2017-05-26 16:00:00.0</RCPTENDDT>
<AREANM>종로구</AREANM>
</row>
<row>
<GUBUN>자체</GUBUN>
<SVCID>S170515095400582034</SVCID>
<MAXCLASSNM>문화행사</MAXCLASSNM>
<MINCLASSNM>공연/콘서트</MINCLASSNM>
<SVCSTATNM>접수종료</SVCSTATNM>
<SVCNM><![CDATA[<6월 여성행복객석> 세종문화회관 - 2017 앙상블 마티네 Ⅱ : 장미의 계절, 모자르트]]></SVCNM>
<PAYATNM>유료(요금안내문의)</PAYATNM>
<PLACENM>세종문화회관</PLACENM>
<USETGTINFO>제한없음</USETGTINFO>
<SVCURL>http://yeyak.seoul.go.kr/reservation/view.web?rsvsvcid=S170515095400582034</SVCURL>
<X/>
<Y/>
<SVCOPNBGNDT>2017-05-22 00:00:00.0</SVCOPNBGNDT>
<SVCOPNENDDT>2017-06-17 00:00:00.0</SVCOPNENDDT>
<RCPTBGNDT>2017-05-22 10:00:00.0</RCPTBGNDT>
<RCPTENDDT>2017-05-31 13:00:00.0</RCPTENDDT>
<AREANM>종로구</AREANM>
</row>
<row>
<GUBUN>자체</GUBUN>
<SVCID>S170515100530758653</SVCID>
<MAXCLASSNM>문화행사</MAXCLASSNM>
<MINCLASSNM>공연/콘서트</MINCLASSNM>
<SVCSTATNM>접수종료</SVCSTATNM>
<SVCNM><![CDATA[<6월 여성행복객석> 서울시국악관현악단<이야기, 셋>50%할인 신청(화면아래 상세정보 필독!)]]></SVCNM>
<PAYATNM>유료(요금안내문의)</PAYATNM>
<PLACENM>세종문화회관</PLACENM>
<USETGTINFO>제한없음</USETGTINFO>
<SVCURL>http://yeyak.seoul.go.kr/reservation/view.web?rsvsvcid=S170515100530758653</SVCURL>
<X/>
<Y/>
<SVCOPNBGNDT>2017-05-22 00:00:00.0</SVCOPNBGNDT>
<SVCOPNENDDT>2017-06-21 00:00:00.0</SVCOPNENDDT>
<RCPTBGNDT>2017-05-22 10:00:00.0</RCPTBGNDT>
<RCPTENDDT>2017-05-31 13:00:00.0</RCPTENDDT>
<AREANM>종로구</AREANM>
</row>
<row>
<GUBUN>자체</GUBUN>
<SVCID>S170512110459731155</SVCID>
<MAXCLASSNM>문화행사</MAXCLASSNM>
<MINCLASSNM>공연/콘서트</MINCLASSNM>
<SVCSTATNM>접수종료</SVCSTATNM>
<SVCNM><![CDATA[<6월 여성행복객석> 뮤지컬<셰프>60%할인 신청(화면아래 상세정보 필독!)]]></SVCNM>
<PAYATNM>유료(요금안내문의)</PAYATNM>
<PLACENM>시네코아빌딩((비밥 전용관)</PLACENM>
<USETGTINFO>여성</USETGTINFO>
<SVCURL>http://yeyak.seoul.go.kr/reservation/view.web?rsvsvcid=S170512110459731155</SVCURL>
<X/>
<Y/>
<SVCOPNBGNDT>2017-05-22 00:00:00.0</SVCOPNBGNDT>
<SVCOPNENDDT>2017-06-30 00:00:00.0</SVCOPNENDDT>
<RCPTBGNDT>2017-05-22 10:00:00.0</RCPTBGNDT>
<RCPTENDDT>2017-05-31 13:00:00.0</RCPTENDDT>
<AREANM>종로구</AREANM>
</row>
<row>
<GUBUN>자체</GUBUN>
<SVCID>S150527144035765529</SVCID>
<MAXCLASSNM>문화행사</MAXCLASSNM>
<MINCLASSNM>전시/관람</MINCLASSNM>
<SVCSTATNM>접수중</SVCSTATNM>
<SVCNM><![CDATA[송파마을예술창작소 문화관련행사 및 소모임 대관 ]]></SVCNM>
<PAYATNM>유료</PAYATNM>
<PLACENM>송파마을예술창작소 </PLACENM>
<USETGTINFO>제한없음</USETGTINFO>
<SVCURL>http://yeyak.seoul.go.kr/reservation/view.web?rsvsvcid=S150527144035765529</SVCURL>
<X/>
<Y/>
<SVCOPNBGNDT>2015-05-27 00:00:00.0</SVCOPNBGNDT>
<SVCOPNENDDT>2025-05-31 00:00:00.0</SVCOPNENDDT>
<RCPTBGNDT>2015-05-27 09:00:00.0</RCPTBGNDT>
<RCPTENDDT>2025-05-30 22:00:00.0</RCPTENDDT>
<AREANM>송파구</AREANM>
</row>
<row>
<GUBUN>자체</GUBUN>
<SVCID>S161215213752107570</SVCID>
<MAXCLASSNM>문화행사</MAXCLASSNM>
<MINCLASSNM>전시/관람</MINCLASSNM>
<SVCSTATNM>접수중</SVCSTATNM>
<SVCNM><![CDATA[백인제가옥 관람(2017년 5~6월)]]></SVCNM>
<PAYATNM>무료</PAYATNM>
<PLACENM>서울역사박물관&gt;백인제가옥&gt;백인제가옥</PLACENM>
<USETGTINFO>제한없음</USETGTINFO>
<SVCURL>http://yeyak.seoul.go.kr/reservation/view.web?rsvsvcid=S161215213752107570</SVCURL>
<X>37.580446301109994</X>
<Y>126.98409156389061</Y>
<SVCOPNBGNDT>2016-12-15 00:00:00.0</SVCOPNBGNDT>
<SVCOPNENDDT>2017-06-30 00:00:00.0</SVCOPNENDDT>
<RCPTBGNDT>2016-12-15 09:00:00.0</RCPTBGNDT>
<RCPTENDDT>2017-06-29 23:59:00.0</RCPTENDDT>
<AREANM>종로구</AREANM>
</row>
<row>
<GUBUN>자체</GUBUN>
<SVCID>S170510163535313765</SVCID>
<MAXCLASSNM>문화행사</MAXCLASSNM>
<MINCLASSNM>전시/관람</MINCLASSNM>
<SVCSTATNM>접수중</SVCSTATNM>
<SVCNM><![CDATA[예술이 흐르는 서울시청 '숨은그림찾기'(서울시청 도슨트 투어)]]></SVCNM>
<PAYATNM>무료</PAYATNM>
<PLACENM>서울시청</PLACENM>
<USETGTINFO>유아/어린이,청소년,성인,제한없음</USETGTINFO>
<SVCURL>http://yeyak.seoul.go.kr/reservation/view.web?rsvsvcid=S170510163535313765</SVCURL>
<X/>
<Y/>
<SVCOPNBGNDT>2017-05-10 00:00:00.0</SVCOPNBGNDT>
<SVCOPNENDDT>2017-12-31 00:00:00.0</SVCOPNENDDT>
<RCPTBGNDT>2017-05-10 09:00:00.0</RCPTBGNDT>
<RCPTENDDT>2017-12-31 23:59:00.0</RCPTENDDT>
<AREANM>중구</AREANM>
</row>
<row>
<GUBUN>자체</GUBUN>
<SVCID>S170519132733637409</SVCID>
<MAXCLASSNM>문화행사</MAXCLASSNM>
<MINCLASSNM>전시/관람</MINCLASSNM>
<SVCSTATNM>접수종료</SVCSTATNM>
<SVCNM><![CDATA[예술가의 런치박스 6월_선우훈 ]]></SVCNM>
<PAYATNM>유료(요금안내문의)</PAYATNM>
<PLACENM>서울시립미술관</PLACENM>
<USETGTINFO>제한없음</USETGTINFO>
<SVCURL>http://yeyak.seoul.go.kr/reservation/view.web?rsvsvcid=S170519132733637409</SVCURL>
<X/>
<Y/>
<SVCOPNBGNDT>2017-05-30 00:00:00.0</SVCOPNBGNDT>
<SVCOPNENDDT>2017-06-27 00:00:00.0</SVCOPNENDDT>
<RCPTBGNDT>2017-05-30 09:00:00.0</RCPTBGNDT>
<RCPTENDDT>2017-06-06 23:59:00.0</RCPTENDDT>
<AREANM>중구</AREANM>
</row>
<row>
<GUBUN>자체</GUBUN>
<SVCID>S170518153750339414</SVCID>
<MAXCLASSNM>문화행사</MAXCLASSNM>
<MINCLASSNM>공연/콘서트</MINCLASSNM>
<SVCSTATNM>접수종료</SVCSTATNM>
<SVCNM><![CDATA[<6월 여성행복객석>서울시향<로미오와 줄리엣-마르쿠스 슈텐츠 사이클> 50%할인 신청(화면아래 상세정보 필독!)]]></SVCNM>
<PAYATNM>유료(요금안내문의)</PAYATNM>
<PLACENM>예술의전당</PLACENM>
<USETGTINFO>여성</USETGTINFO>
<SVCURL>http://yeyak.seoul.go.kr/reservation/view.web?rsvsvcid=S170518153750339414</SVCURL>
<X/>
<Y/>
<SVCOPNBGNDT>2017-05-22 00:00:00.0</SVCOPNBGNDT>
<SVCOPNENDDT>2017-06-23 00:00:00.0</SVCOPNENDDT>
<RCPTBGNDT>2017-05-22 10:00:00.0</RCPTBGNDT>
<RCPTENDDT>2017-05-31 13:00:00.0</RCPTENDDT>
<AREANM>서초구</AREANM>
</row>
<row>
<GUBUN>자체</GUBUN>
<SVCID>S170517133714459098</SVCID>
<MAXCLASSNM>문화행사</MAXCLASSNM>
<MINCLASSNM>공연/콘서트</MINCLASSNM>
<SVCSTATNM>접수중</SVCSTATNM>
<SVCNM><![CDATA[서울시립교향악단 우리동네 음악회]]></SVCNM>
<PAYATNM>무료</PAYATNM>
<PLACENM>서울대학교 문화관 대강당</PLACENM>
<USETGTINFO>6세이상</USETGTINFO>
<SVCURL>http://yeyak.seoul.go.kr/reservation/view.web?rsvsvcid=S170517133714459098</SVCURL>
<X/>
<Y/>
<SVCOPNBGNDT>2017-05-17 00:00:00.0</SVCOPNBGNDT>
<SVCOPNENDDT>2017-06-21 00:00:00.0</SVCOPNENDDT>
<RCPTBGNDT>2017-05-17 09:00:00.0</RCPTBGNDT>
<RCPTENDDT>2017-06-19 18:00:00.0</RCPTENDDT>
<AREANM>관악구</AREANM>
</row>
<row>
<GUBUN>자체</GUBUN>
<SVCID>S170512104811581461</SVCID>
<MAXCLASSNM>문화행사</MAXCLASSNM>
<MINCLASSNM>공연/콘서트</MINCLASSNM>
<SVCSTATNM>접수종료</SVCSTATNM>
<SVCNM><![CDATA[<6월 여성행복객석>뮤지컬<사랑은 비를 타고> 50% 할인 신청]]></SVCNM>
<PAYATNM>유료(요금안내문의)</PAYATNM>
<PLACENM>동양예술극장</PLACENM>
<USETGTINFO>여성</USETGTINFO>
<SVCURL>http://yeyak.seoul.go.kr/reservation/view.web?rsvsvcid=S170512104811581461</SVCURL>
<X/>
<Y/>
<SVCOPNBGNDT>2017-05-22 00:00:00.0</SVCOPNBGNDT>
<SVCOPNENDDT>2017-06-30 00:00:00.0</SVCOPNENDDT>
<RCPTBGNDT>2017-05-22 10:00:00.0</RCPTBGNDT>
<RCPTENDDT>2017-05-31 13:00:00.0</RCPTENDDT>
<AREANM>종로구</AREANM>
</row>
<row>
<GUBUN>자체</GUBUN>
<SVCID>S161130174533102546</SVCID>
<MAXCLASSNM>문화행사</MAXCLASSNM>
<MINCLASSNM>전시/관람</MINCLASSNM>
<SVCSTATNM>접수중</SVCSTATNM>
<SVCNM><![CDATA[서울역사박물관 유아 해설 예약(2017.6월~7월)]]></SVCNM>
<PAYATNM>무료</PAYATNM>
<PLACENM>서울역사박물관</PLACENM>
<USETGTINFO>유아/어린이</USETGTINFO>
<SVCURL>http://yeyak.seoul.go.kr/reservation/view.web?rsvsvcid=S161130174533102546</SVCURL>
<X>37.570500279648634</X>
<Y>126.97037430869801</Y>
<SVCOPNBGNDT>2017-01-01 00:00:00.0</SVCOPNBGNDT>
<SVCOPNENDDT>2017-07-31 00:00:00.0</SVCOPNENDDT>
<RCPTBGNDT>2017-01-01 09:00:00.0</RCPTBGNDT>
<RCPTENDDT>2017-07-31 18:00:00.0</RCPTENDDT>
<AREANM>종로구</AREANM>
</row>
<row>
<GUBUN>자체</GUBUN>
<SVCID>S161130175937332200</SVCID>
<MAXCLASSNM>문화행사</MAXCLASSNM>
<MINCLASSNM>전시/관람</MINCLASSNM>
<SVCSTATNM>접수중</SVCSTATNM>
<SVCNM><![CDATA[서울역사박물관 단체예약(도슨트 신청)(2017.6월~7월)]]></SVCNM>
<PAYATNM>무료</PAYATNM>
<PLACENM>서울역사박물관</PLACENM>
<USETGTINFO>청소년,성인,어린이</USETGTINFO>
<SVCURL>http://yeyak.seoul.go.kr/reservation/view.web?rsvsvcid=S161130175937332200</SVCURL>
<X>37.570500279648634</X>
<Y>126.97037430869801</Y>
<SVCOPNBGNDT>2017-01-01 00:00:00.0</SVCOPNBGNDT>
<SVCOPNENDDT>2017-07-31 00:00:00.0</SVCOPNENDDT>
<RCPTBGNDT>2017-01-01 09:30:00.0</RCPTBGNDT>
<RCPTENDDT>2017-07-31 18:00:00.0</RCPTENDDT>
<AREANM>종로구</AREANM>
</row>
<row>
<GUBUN>자체</GUBUN>
<SVCID>S161130180819279833</SVCID>
<MAXCLASSNM>문화행사</MAXCLASSNM>
<MINCLASSNM>전시/관람</MINCLASSNM>
<SVCSTATNM>접수중</SVCSTATNM>
<SVCNM><![CDATA[서울역사박물관 단체관람(도슨트 미신청)(2017.6월~7월)]]></SVCNM>
<PAYATNM>무료</PAYATNM>
<PLACENM>서울역사박물관</PLACENM>
<USETGTINFO>유아/어린이,청소년,성인,제한없음,어린이</USETGTINFO>
<SVCURL>http://yeyak.seoul.go.kr/reservation/view.web?rsvsvcid=S161130180819279833</SVCURL>
<X>37.570500279648634</X>
<Y>126.97037430869801</Y>
<SVCOPNBGNDT>2017-01-01 00:00:00.0</SVCOPNBGNDT>
<SVCOPNENDDT>2017-07-31 00:00:00.0</SVCOPNENDDT>
<RCPTBGNDT>2017-01-01 09:00:00.0</RCPTBGNDT>
<RCPTENDDT>2017-07-31 18:00:00.0</RCPTENDDT>
<AREANM>종로구</AREANM>
</row>
<row>
<GUBUN>자체</GUBUN>
<SVCID>S170208095634585612</SVCID>
<MAXCLASSNM>문화행사</MAXCLASSNM>
<MINCLASSNM>전시/관람</MINCLASSNM>
<SVCSTATNM>접수중</SVCSTATNM>
<SVCNM><![CDATA[서울역사박물관 저학년 어린이해설 예약(2017년 6월~7월)]]></SVCNM>
<PAYATNM>무료</PAYATNM>
<PLACENM>서울역사박물관</PLACENM>
<USETGTINFO>어린이</USETGTINFO>
<SVCURL>http://yeyak.seoul.go.kr/reservation/view.web?rsvsvcid=S170208095634585612</SVCURL>
<X>37.570500279648634</X>
<Y>126.97037430869801</Y>
<SVCOPNBGNDT>2017-02-08 00:00:00.0</SVCOPNBGNDT>
<SVCOPNENDDT>2017-07-31 00:00:00.0</SVCOPNENDDT>
<RCPTBGNDT>2017-02-08 11:00:00.0</RCPTBGNDT>
<RCPTENDDT>2017-07-31 18:00:00.0</RCPTENDDT>
<AREANM>종로구</AREANM>
</row>
<row>
<GUBUN>자체</GUBUN>
<SVCID>S170208103107314877</SVCID>
<MAXCLASSNM>문화행사</MAXCLASSNM>
<MINCLASSNM>전시/관람</MINCLASSNM>
<SVCSTATNM>접수중</SVCSTATNM>
<SVCNM><![CDATA[서울역사박물관 고학년 어린이해설 예약(2017년 6월~7월)]]></SVCNM>
<PAYATNM>무료</PAYATNM>
<PLACENM>서울역사박물관</PLACENM>
<USETGTINFO>어린이</USETGTINFO>
<SVCURL>http://yeyak.seoul.go.kr/reservation/view.web?rsvsvcid=S170208103107314877</SVCURL>
<X>37.570500279648634</X>
<Y>126.97037430869801</Y>
<SVCOPNBGNDT>2017-02-08 00:00:00.0</SVCOPNBGNDT>
<SVCOPNENDDT>2017-07-31 00:00:00.0</SVCOPNENDDT>
<RCPTBGNDT>2017-02-08 11:00:00.0</RCPTBGNDT>
<RCPTENDDT>2017-07-31 18:00:00.0</RCPTENDDT>
<AREANM>종로구</AREANM>
</row>
<row>
<GUBUN>자체</GUBUN>
<SVCID>S170512102541261687</SVCID>
<MAXCLASSNM>문화행사</MAXCLASSNM>
<MINCLASSNM>공연/콘서트</MINCLASSNM>
<SVCSTATNM>접수종료</SVCSTATNM>
<SVCNM><![CDATA[<6월 여성행복객석>국립국악원<토요명품공연> 50%할인 신청 바로가기(화면아래 상세정보 필독!)]]></SVCNM>
<PAYATNM>유료(요금안내문의)</PAYATNM>
<PLACENM>국립국악원</PLACENM>
<USETGTINFO>여성</USETGTINFO>
<SVCURL>http://yeyak.seoul.go.kr/reservation/view.web?rsvsvcid=S170512102541261687</SVCURL>
<X/>
<Y/>
<SVCOPNBGNDT>2017-05-22 00:00:00.0</SVCOPNBGNDT>
<SVCOPNENDDT>2017-06-24 00:00:00.0</SVCOPNENDDT>
<RCPTBGNDT>2017-05-22 10:00:00.0</RCPTBGNDT>
<RCPTENDDT>2017-05-31 13:00:00.0</RCPTENDDT>
<AREANM>서초구</AREANM>
</row>
<row>
<GUBUN>자체</GUBUN>
<SVCID>S170512103954221203</SVCID>
<MAXCLASSNM>문화행사</MAXCLASSNM>
<MINCLASSNM>공연/콘서트</MINCLASSNM>
<SVCSTATNM>접수종료</SVCSTATNM>
<SVCNM><![CDATA[<6월 여성행복객석> 동요콘서트<구름빵> 50%할인 신청 하단 상세내역 필독]]></SVCNM>
<PAYATNM>유료(요금안내문의)</PAYATNM>
<PLACENM>대학로 예술극장 나무와 물</PLACENM>
<USETGTINFO>여성</USETGTINFO>
<SVCURL>http://yeyak.seoul.go.kr/reservation/view.web?rsvsvcid=S170512103954221203</SVCURL>
<X/>
<Y/>
<SVCOPNBGNDT>2017-05-22 00:00:00.0</SVCOPNBGNDT>
<SVCOPNENDDT>2017-06-30 00:00:00.0</SVCOPNENDDT>
<RCPTBGNDT>2017-05-22 10:00:00.0</RCPTBGNDT>
<RCPTENDDT>2017-05-31 13:00:00.0</RCPTENDDT>
<AREANM>종로구</AREANM>
</row>
<row>
<GUBUN>자체</GUBUN>
<SVCID>S170213154103458453</SVCID>
<MAXCLASSNM>문화행사</MAXCLASSNM>
<MINCLASSNM>행사/대회</MINCLASSNM>
<SVCSTATNM>안내중</SVCSTATNM>
<SVCNM><![CDATA[양화진 뱃길 탐방 '나의 양화나루 유람기']]></SVCNM>
<PAYATNM>유료(요금안내문의)</PAYATNM>
<PLACENM>마포구 합정동주민센터 </PLACENM>
<USETGTINFO>제한없음</USETGTINFO>
<SVCURL>http://yeyak.seoul.go.kr/reservation/view.web?rsvsvcid=S170213154103458453</SVCURL>
<X>37.55161493846492</X>
<Y>126.91172478263414</Y>
<SVCOPNBGNDT>2017-02-13 00:00:00.0</SVCOPNBGNDT>
<SVCOPNENDDT>2017-10-25 00:00:00.0</SVCOPNENDDT>
<RCPTBGNDT>2018-03-02 09:00:00.0</RCPTBGNDT>
<RCPTENDDT>2018-10-24 16:00:00.0</RCPTENDDT>
<AREANM>마포구</AREANM>
</row>
<row>
<GUBUN>자체</GUBUN>
<SVCID>S170309184003770884</SVCID>
<MAXCLASSNM>문화행사</MAXCLASSNM>
<MINCLASSNM>행사/대회</MINCLASSNM>
<SVCSTATNM>접수중</SVCSTATNM>
<SVCNM><![CDATA[삼청 숲마실 '아빠,엄마랑 함께 하는 숲탐방' ]]></SVCNM>
<PAYATNM>무료</PAYATNM>
<PLACENM>삼청공원</PLACENM>
<USETGTINFO>제한없음</USETGTINFO>
<SVCURL>http://yeyak.seoul.go.kr/reservation/view.web?rsvsvcid=S170309184003770884</SVCURL>
<X/>
<Y/>
<SVCOPNBGNDT>2017-03-25 00:00:00.0</SVCOPNBGNDT>
<SVCOPNENDDT>2017-12-10 00:00:00.0</SVCOPNENDDT>
<RCPTBGNDT>2017-03-10 09:00:00.0</RCPTBGNDT>
<RCPTENDDT>2017-12-09 18:00:00.0</RCPTENDDT>
<AREANM>종로구</AREANM>
</row>
<row>
<GUBUN>자체</GUBUN>
<SVCID>S170309190331037202</SVCID>
<MAXCLASSNM>문화행사</MAXCLASSNM>
<MINCLASSNM>행사/대회</MINCLASSNM>
<SVCSTATNM>접수중</SVCSTATNM>
<SVCNM><![CDATA['역사와 문화가 흐르는 말바위' 역사 속 호연지기 체험]]></SVCNM>
<PAYATNM>무료</PAYATNM>
<PLACENM>삼청공원</PLACENM>
<USETGTINFO>제한없음</USETGTINFO>
<SVCURL>http://yeyak.seoul.go.kr/reservation/view.web?rsvsvcid=S170309190331037202</SVCURL>
<X/>
<Y/>
<SVCOPNBGNDT>2017-03-25 00:00:00.0</SVCOPNBGNDT>
<SVCOPNENDDT>2017-12-10 00:00:00.0</SVCOPNENDDT>
<RCPTBGNDT>2017-03-09 09:00:00.0</RCPTBGNDT>
<RCPTENDDT>2017-12-01 18:00:00.0</RCPTENDDT>
<AREANM>종로구</AREANM>
</row>
<row>
<GUBUN>자체</GUBUN>
<SVCID>S170203154932309103</SVCID>
<MAXCLASSNM>문화행사</MAXCLASSNM>
<MINCLASSNM>전시/관람</MINCLASSNM>
<SVCSTATNM>접수중</SVCSTATNM>
<SVCNM><![CDATA[최규하 가옥 전시관람]]></SVCNM>
<PAYATNM>무료</PAYATNM>
<PLACENM>최규하대통령가옥 </PLACENM>
<USETGTINFO>제한없음</USETGTINFO>
<SVCURL>http://yeyak.seoul.go.kr/reservation/view.web?rsvsvcid=S170203154932309103</SVCURL>
<X/>
<Y/>
<SVCOPNBGNDT>2017-02-03 00:00:00.0</SVCOPNBGNDT>
<SVCOPNENDDT>2017-12-31 00:00:00.0</SVCOPNENDDT>
<RCPTBGNDT>2017-02-03 00:00:00.0</RCPTBGNDT>
<RCPTENDDT>2017-12-31 23:59:00.0</RCPTENDDT>
<AREANM>마포구</AREANM>
</row>
<row>
<GUBUN>자체</GUBUN>
<SVCID>S170512103206776382</SVCID>
<MAXCLASSNM>문화행사</MAXCLASSNM>
<MINCLASSNM>공연/콘서트</MINCLASSNM>
<SVCSTATNM>접수종료</SVCSTATNM>
<SVCNM><![CDATA[<6월 여성행복객석> 뮤지컬<넌 특별하단다>50%할인 신청(화면아래 상세정보 필독!)]]></SVCNM>
<PAYATNM>유료(요금안내문의)</PAYATNM>
<PLACENM>대학로 샘터파랑새극장</PLACENM>
<USETGTINFO>여성</USETGTINFO>
<SVCURL>http://yeyak.seoul.go.kr/reservation/view.web?rsvsvcid=S170512103206776382</SVCURL>
<X/>
<Y/>
<SVCOPNBGNDT>2017-05-22 00:00:00.0</SVCOPNBGNDT>
<SVCOPNENDDT>2017-06-18 00:00:00.0</SVCOPNENDDT>
<RCPTBGNDT>2017-05-22 10:00:00.0</RCPTBGNDT>
<RCPTENDDT>2017-05-31 13:00:00.0</RCPTENDDT>
<AREANM>종로구</AREANM>
</row>
<row>
<GUBUN>자체</GUBUN>
<SVCID>S170512103536166827</SVCID>
<MAXCLASSNM>문화행사</MAXCLASSNM>
<MINCLASSNM>공연/콘서트</MINCLASSNM>
<SVCSTATNM>접수종료</SVCSTATNM>
<SVCNM><![CDATA[<6월 여성행복객석> 뮤지컬<할머니 엄마>50%할인 신청(화면아래 상세정보 필독!)]]></SVCNM>
<PAYATNM>유료(요금안내문의)</PAYATNM>
<PLACENM>대학로 샘터파랑새극장</PLACENM>
<USETGTINFO>여성</USETGTINFO>
<SVCURL>http://yeyak.seoul.go.kr/reservation/view.web?rsvsvcid=S170512103536166827</SVCURL>
<X/>
<Y/>
<SVCOPNBGNDT>2017-05-22 00:00:00.0</SVCOPNBGNDT>
<SVCOPNENDDT>2017-06-18 00:00:00.0</SVCOPNENDDT>
<RCPTBGNDT>2017-05-22 10:00:00.0</RCPTBGNDT>
<RCPTENDDT>2017-05-31 13:00:00.0</RCPTENDDT>
<AREANM>종로구</AREANM>
</row>
<row>
<GUBUN>자체</GUBUN>
<SVCID>S170512105551930139</SVCID>
<MAXCLASSNM>문화행사</MAXCLASSNM>
<MINCLASSNM>공연/콘서트</MINCLASSNM>
<SVCSTATNM>접수종료</SVCSTATNM>
<SVCNM><![CDATA[<6월 여성행복객석>연극<꽃보다 슈퍼스타>50%할인신청(화면아래 상세정보 필독!)]]></SVCNM>
<PAYATNM>유료(요금안내문의)</PAYATNM>
<PLACENM>마로니에 극장</PLACENM>
<USETGTINFO>제한없음</USETGTINFO>
<SVCURL>http://yeyak.seoul.go.kr/reservation/view.web?rsvsvcid=S170512105551930139</SVCURL>
<X/>
<Y/>
<SVCOPNBGNDT>2017-05-22 00:00:00.0</SVCOPNBGNDT>
<SVCOPNENDDT>2017-06-30 00:00:00.0</SVCOPNENDDT>
<RCPTBGNDT>2017-05-22 10:00:00.0</RCPTBGNDT>
<RCPTENDDT>2017-05-31 13:00:00.0</RCPTENDDT>
<AREANM>종로구</AREANM>
</row>
<row>
<GUBUN>자체</GUBUN>
<SVCID>S170607110154736087</SVCID>
<MAXCLASSNM>문화행사</MAXCLASSNM>
<MINCLASSNM>공연/콘서트</MINCLASSNM>
<SVCSTATNM>접수중</SVCSTATNM>
<SVCNM><![CDATA[6월 문화행사 - 저글링, 마임, 마술 융합공연 '더 해프닝 쇼']]></SVCNM>
<PAYATNM>무료</PAYATNM>
<PLACENM>청계천박물관(서울역사박물관 분관)</PLACENM>
<USETGTINFO>유아/어린이,제한없음</USETGTINFO>
<SVCURL>http://yeyak.seoul.go.kr/reservation/view.web?rsvsvcid=S170607110154736087</SVCURL>
<X>37.571266444339074</X>
<Y>127.0350413529804</Y>
<SVCOPNBGNDT>2017-06-07 00:00:00.0</SVCOPNBGNDT>
<SVCOPNENDDT>2017-06-21 00:00:00.0</SVCOPNENDDT>
<RCPTBGNDT>2017-06-07 09:00:00.0</RCPTBGNDT>
<RCPTENDDT>2017-06-14 18:00:00.0</RCPTENDDT>
<AREANM>성동구</AREANM>
</row>
<row>
<GUBUN>자체</GUBUN>
<SVCID>S150907171959266900</SVCID>
<MAXCLASSNM>문화행사</MAXCLASSNM>
<MINCLASSNM>공연/콘서트</MINCLASSNM>
<SVCSTATNM>접수중</SVCSTATNM>
<SVCNM><![CDATA[혜화아이돌봄센터]]></SVCNM>
<PAYATNM>유료(요금안내문의)</PAYATNM>
<PLACENM>혜화어린이집</PLACENM>
<USETGTINFO>여성</USETGTINFO>
<SVCURL>http://yeyak.seoul.go.kr/reservation/view.web?rsvsvcid=S150907171959266900</SVCURL>
<X/>
<Y/>
<SVCOPNBGNDT>2015-09-12 00:00:00.0</SVCOPNBGNDT>
<SVCOPNENDDT>2017-09-30 00:00:00.0</SVCOPNENDDT>
<RCPTBGNDT>2015-09-07 00:00:00.0</RCPTBGNDT>
<RCPTENDDT>2017-09-30 00:00:00.0</RCPTENDDT>
<AREANM>종로구</AREANM>
</row>
<row>
<GUBUN>자체</GUBUN>
<SVCID>S170203153015380563</SVCID>
<MAXCLASSNM>문화행사</MAXCLASSNM>
<MINCLASSNM>전시/관람</MINCLASSNM>
<SVCSTATNM>접수중</SVCSTATNM>
<SVCNM><![CDATA[박정희 가옥 관람 ]]></SVCNM>
<PAYATNM>무료</PAYATNM>
<PLACENM>박정희 대통령 가옥 </PLACENM>
<USETGTINFO>제한없음</USETGTINFO>
<SVCURL>http://yeyak.seoul.go.kr/reservation/view.web?rsvsvcid=S170203153015380563</SVCURL>
<X/>
<Y/>
<SVCOPNBGNDT>2017-02-03 00:00:00.0</SVCOPNBGNDT>
<SVCOPNENDDT>2017-12-31 00:00:00.0</SVCOPNENDDT>
<RCPTBGNDT>2017-02-03 00:00:00.0</RCPTBGNDT>
<RCPTENDDT>2017-12-31 23:59:00.0</RCPTENDDT>
<AREANM>중구</AREANM>
</row>
<row>
<GUBUN>자체</GUBUN>
<SVCID>S170410104526739507</SVCID>
<MAXCLASSNM>문화행사</MAXCLASSNM>
<MINCLASSNM>행사/대회</MINCLASSNM>
<SVCSTATNM>안내중</SVCSTATNM>
<SVCNM><![CDATA[양화진 나루 잇기(역사교육 체험 프로그램)]]></SVCNM>
<PAYATNM>무료</PAYATNM>
<PLACENM>광흥당</PLACENM>
<USETGTINFO>제한없음</USETGTINFO>
<SVCURL>http://yeyak.seoul.go.kr/reservation/view.web?rsvsvcid=S170410104526739507</SVCURL>
<X>37.5486531192</X>
<Y>126.9287072607</Y>
<SVCOPNBGNDT>2017-04-10 00:00:00.0</SVCOPNBGNDT>
<SVCOPNENDDT>2017-08-11 00:00:00.0</SVCOPNENDDT>
<RCPTBGNDT>2018-04-03 00:00:00.0</RCPTBGNDT>
<RCPTENDDT>2018-08-10 16:00:00.0</RCPTENDDT>
<AREANM>마포구</AREANM>
</row>
<row>
<GUBUN>자체</GUBUN>
<SVCID>S170511110808864881</SVCID>
<MAXCLASSNM>문화행사</MAXCLASSNM>
<MINCLASSNM>행사/대회</MINCLASSNM>
<SVCSTATNM>접수중</SVCSTATNM>
<SVCNM><![CDATA[(토) 자주와 독립의 열망으로 걷는 길<해설사 동행 역사·문화해설 코스>]]></SVCNM>
<PAYATNM>무료</PAYATNM>
<PLACENM>충정로역 9번 출구</PLACENM>
<USETGTINFO>제한없음</USETGTINFO>
<SVCURL>http://yeyak.seoul.go.kr/reservation/view.web?rsvsvcid=S170511110808864881</SVCURL>
<X>37.560810851726146</X>
<Y>126.96352161246483</Y>
<SVCOPNBGNDT>2017-05-12 00:00:00.0</SVCOPNBGNDT>
<SVCOPNENDDT>2017-10-28 00:00:00.0</SVCOPNENDDT>
<RCPTBGNDT>2017-05-13 00:00:00.0</RCPTBGNDT>
<RCPTENDDT>2017-10-28 23:00:00.0</RCPTENDDT>
<AREANM>서대문구</AREANM>
</row>
<row>
<GUBUN>자체</GUBUN>
<SVCID>S170518152755831295</SVCID>
<MAXCLASSNM>문화행사</MAXCLASSNM>
<MINCLASSNM>공연/콘서트</MINCLASSNM>
<SVCSTATNM>접수종료</SVCSTATNM>
<SVCNM><![CDATA[<6월 여성행복객석> 서울시향 「로미오와 줄리엣」 50% 할인신청 바로가기]]></SVCNM>
<PAYATNM>유료(요금안내문의)</PAYATNM>
<PLACENM>예술의전당</PLACENM>
<USETGTINFO>제한없음</USETGTINFO>
<SVCURL>http://yeyak.seoul.go.kr/reservation/view.web?rsvsvcid=S170518152755831295</SVCURL>
<X/>
<Y/>
<SVCOPNBGNDT>2017-05-22 00:00:00.0</SVCOPNBGNDT>
<SVCOPNENDDT>2017-06-15 00:00:00.0</SVCOPNENDDT>
<RCPTBGNDT>2017-05-22 10:00:00.0</RCPTBGNDT>
<RCPTENDDT>2017-05-31 13:00:00.0</RCPTENDDT>
<AREANM>서초구</AREANM>
</row>
<row>
<GUBUN>자체</GUBUN>
<SVCID>S170515094252386223</SVCID>
<MAXCLASSNM>문화행사</MAXCLASSNM>
<MINCLASSNM>공연/콘서트</MINCLASSNM>
<SVCSTATNM>접수종료</SVCSTATNM>
<SVCNM><![CDATA[<6월 여성행복객석> 뮤지컬 - <마타하리> - 30%할인 신청(화면아래 상세정보 필독!)]]></SVCNM>
<PAYATNM>유료(요금안내문의)</PAYATNM>
<PLACENM>세종문화회관 대극장</PLACENM>
<USETGTINFO>여성</USETGTINFO>
<SVCURL>http://yeyak.seoul.go.kr/reservation/view.web?rsvsvcid=S170515094252386223</SVCURL>
<X/>
<Y/>
<SVCOPNBGNDT>2017-05-22 00:00:00.0</SVCOPNBGNDT>
<SVCOPNENDDT>2017-06-30 00:00:00.0</SVCOPNENDDT>
<RCPTBGNDT>2017-05-22 10:00:00.0</RCPTBGNDT>
<RCPTENDDT>2017-05-31 13:00:00.0</RCPTENDDT>
<AREANM>종로구</AREANM>
</row>
<row>
<GUBUN>자체</GUBUN>
<SVCID>S170602172733139656</SVCID>
<MAXCLASSNM>문화행사</MAXCLASSNM>
<MINCLASSNM>공연/콘서트</MINCLASSNM>
<SVCSTATNM>접수중</SVCSTATNM>
<SVCNM><![CDATA[반딧불이 동화연극 '반디와 아로']]></SVCNM>
<PAYATNM>무료</PAYATNM>
<PLACENM>길동생태공원</PLACENM>
<USETGTINFO>어린이</USETGTINFO>
<SVCURL>http://yeyak.seoul.go.kr/reservation/view.web?rsvsvcid=S170602172733139656</SVCURL>
<X/>
<Y/>
<SVCOPNBGNDT>2017-06-02 00:00:00.0</SVCOPNBGNDT>
<SVCOPNENDDT>2017-06-17 00:00:00.0</SVCOPNENDDT>
<RCPTBGNDT>2017-06-05 14:00:00.0</RCPTBGNDT>
<RCPTENDDT>2017-06-15 15:00:00.0</RCPTENDDT>
<AREANM>강동구</AREANM>
</row>
<row>
<GUBUN>자체</GUBUN>
<SVCID>S170605111648760234</SVCID>
<MAXCLASSNM>문화행사</MAXCLASSNM>
<MINCLASSNM>행사/대회</MINCLASSNM>
<SVCSTATNM>접수중</SVCSTATNM>
<SVCNM><![CDATA[2017 길동생태공원 반딧불이 축제 행사 안내]]></SVCNM>
<PAYATNM>무료</PAYATNM>
<PLACENM>길동생태공원</PLACENM>
<USETGTINFO>제한없음</USETGTINFO>
<SVCURL>http://yeyak.seoul.go.kr/reservation/view.web?rsvsvcid=S170605111648760234</SVCURL>
<X/>
<Y/>
<SVCOPNBGNDT>2017-06-05 00:00:00.0</SVCOPNBGNDT>
<SVCOPNENDDT>2017-06-17 00:00:00.0</SVCOPNENDDT>
<RCPTBGNDT>2017-06-17 22:00:00.0</RCPTBGNDT>
<RCPTENDDT>2017-06-17 23:00:00.0</RCPTENDDT>
<AREANM>강동구</AREANM>
</row>
<row>
<GUBUN>연계</GUBUN>
<SVCID>XML-19766922</SVCID>
<MAXCLASSNM>문화행사</MAXCLASSNM>
<MINCLASSNM>전시/관람</MINCLASSNM>
<SVCSTATNM>접수중</SVCSTATNM>
<SVCNM><![CDATA[세종예술아카데미 2017년 봄학기 정규강좌]]></SVCNM>
<PAYATNM>유료/무료</PAYATNM>
<PLACENM>세종예술아카데미</PLACENM>
<USETGTINFO>전체</USETGTINFO>
<SVCURL>http://academy.sejongpac.or.kr/program/ing/view.asp?seq=305</SVCURL>
<X/>
<Y/>
<SVCOPNBGNDT>2017-03-06 00:00:00.0</SVCOPNBGNDT>
<SVCOPNENDDT>2017-06-26 00:00:00.0</SVCOPNENDDT>
<RCPTBGNDT>2017-01-31 17:39:00.0</RCPTBGNDT>
<RCPTENDDT>2017-06-26 00:00:00.0</RCPTENDDT>
<AREANM>종로구</AREANM>
</row>
<row>
<GUBUN>연계</GUBUN>
<SVCID>XML-19766658</SVCID>
<MAXCLASSNM>문화행사</MAXCLASSNM>
<MINCLASSNM>행사/대회</MINCLASSNM>
<SVCSTATNM>안내중</SVCSTATNM>
<SVCNM><![CDATA[행사예약 [특별]2017년 겨울방학 대학생 아르바이트(기초생활수급자, 차상위계층, 등록장애인, 다문화가정, 국가유공자 자녀, 3자녀 이상 가정) 모집]]></SVCNM>
<PAYATNM>무료</PAYATNM>
<PLACENM>구청 29개소, 동주민센터 18개소, 보건소 등</PLACENM>
<USETGTINFO>전체</USETGTINFO>
<SVCURL>http://www.seocho.go.kr/site/seocho/ex/reservationFac/re00105.do?riIdx=04020195</SVCURL>
<X/>
<Y/>
<SVCOPNBGNDT>2017-07-03 00:00:00.0</SVCOPNBGNDT>
<SVCOPNENDDT>2017-07-28 00:00:00.0</SVCOPNENDDT>
<RCPTBGNDT>2017-05-15 00:00:00.0</RCPTBGNDT>
<RCPTENDDT>2017-05-29 00:00:00.0</RCPTENDDT>
<AREANM>서초구</AREANM>
</row>
<row>
<GUBUN>연계</GUBUN>
<SVCID>XML-19766642</SVCID>
<MAXCLASSNM>문화행사</MAXCLASSNM>
<MINCLASSNM>행사/대회</MINCLASSNM>
<SVCSTATNM>안내중</SVCSTATNM>
<SVCNM><![CDATA[행사예약 [일반]2017년 여름방학 대학생 아르바이트 모집]]></SVCNM>
<PAYATNM>무료</PAYATNM>
<PLACENM>구청 29개소, 동주민센터 18개소, 보건소 등</PLACENM>
<USETGTINFO>전체</USETGTINFO>
<SVCURL>http://www.seocho.go.kr/site/seocho/ex/reservationFac/re00105.do?riIdx=04020194</SVCURL>
<X/>
<Y/>
<SVCOPNBGNDT>2017-07-03 00:00:00.0</SVCOPNBGNDT>
<SVCOPNENDDT>2017-07-28 00:00:00.0</SVCOPNENDDT>
<RCPTBGNDT>2017-05-15 00:00:00.0</RCPTBGNDT>
<RCPTENDDT>2017-05-29 00:00:00.0</RCPTENDDT>
<AREANM>서초구</AREANM>
</row>
</ListPublicReservationCulture>
